Begin Time - hh:mm:ss.ms	Begin Time - ss.msec	End Time - hh:mm:ss.ms	End Time - ss.msec	Duration - hh:mm:ss.ms	Duration - ss.msec	segmentation by utterance	Whos talking	Transcription	Translation
00:08:18.035	498.035	00:08:21.104	501.104	00:00:03.069	3.069		Heti	o: na e te matamata i le video 	you can look at the video
00:08:21.310	501.31	00:08:25.105	505.105	00:00:03.795	3.795		Heti	uma fa'amatala i a'u i le tala o le video 	after you explain to me the story of the video 
00:08:25.200	505.2	00:08:27.268	507.268	00:00:02.068	2.068		Heti	okay?	
00:08:27.481	507.481	00:08:28.660	508.66	00:00:01.179	1.179		Heti	malamalama	understand 
00:08:28.825	508.825	00:10:03.621	603.621	00:01:34.796	94.796				
00:10:06.817	606.817	00:10:10.101	610.101	00:00:03.284	3.284		Heti	okay ua uma 	okay its done 
00:10:10.354	610.354	00:10:14.092	614.092	00:00:03.738	3.738		TF19S	fa:matala loa le 	explain the 
00:10:14.337	614.337	00:10:16.472	616.472	00:00:02.135	2.135		TF21L	e a?	what 
00:10:16.653	616.653	00:10:20.703	620.703	00:00:04.050	4.05		TF19S	le le video ia gaia le mea ga makamaka ai 	the video to her the things that you watch for 
00:10:21.219	621.219	00:10:22.788	622.788	00:00:01.569	1.569		TF21L	fa:matala 	explain 
00:10:22.888	622.888	00:10:24.569	624.569	00:00:01.681	1.681				
00:10:26.703	626.703	00:10:28.958	628.958	00:00:02.255	2.255		TF21L	fa:makala le ka:maloa lale e 	explain the man that
00:10:29.148	629.148	00:10:32.862	632.862	00:00:03.714	3.714		TF21L	fa:samoan 	in sa:moan 
00:10:33.913	633.913	00:10:36.343	636.343	00:00:02.430	2.43		TF21L	pei sa ga pei sa ga paoa ga kau fai 	its like he can make his power 
00:10:37.370	637.37	00:10:39.497	639.497	00:00:02.127	2.127		TF21L	gae kago ai ave luga le u:ila 	that he get up the bite
00:10:40.301	640.301	00:10:43.275	643.275	00:00:02.974	2.974		TF21L	ga kago i le i le kaumafai e avaku 	he try to get
00:10:44.873	644.873	00:10:45.948	645.948	00:00:01.075	1.075		TF21L	ma koe ku'u i lalo 	and put it down
00:10:46.560	646.56	00:10:49.500	649.5	00:00:02.940	2.94		TF21L	gae laku ai loa le kamaikiki kikilo aku iai ae ua leai gisi 	and the boy come and watch and no one there 
00:10:50.056	650.056	00:10:51.800	651.8	00:00:01.744	1.744		TF21L	ua leai se ka:maloa	no man
00:10:51.990	651.99	00:10:53.854	653.854	00:00:01.864	1.864		TF21L	ae koe le u:ila lae ka'akia 	just onlu the bite left
00:10:55.231	655.231	00:10:57.525	657.525	00:00:02.294	2.294		Heti	i good 	
00:10:57.715	657.715	00:11:00.545	660.545	00:00:02.830	2.83		Heti	..thank you fa:fetai	
00:11:00.743	660.743	00:11:03.562	663.562	00:00:02.819	2.819		Heti	...thats good 	
00:11:04.973	664.973	00:11:11.212	671.212	00:00:06.239	6.239		Heti	ma: e mafai ona e fa:matala mai fapefea le vaitaimi na'e tuputupu 'ae i: falealupo	and can you explain to me how was the time you grown up in falealupo
00:11:16.120	676.12	00:11:17.266	677.266	00:00:01.146	1.146		TF21L	a?	what 
00:11:17.344	677.344	00:11:19.927	679.927	00:00:02.583	2.583		Heti	mafai ona e fa'amatala i a'u 	can you explai  to me 
00:11:20.100	680.1	00:11:24.213	684.213	00:00:04.113	4.113		Heti	a ba fa'apefe pe pe fa'apefea le vataimi	ah houw wat the time 
00:11:24.395	684.395	00:11:27.790	687.79	00:00:03.395	3.395		Heti	ona e tuputupu iai falealupo	that you grown up in falealupo\
00:11:32.162	692.162	00:11:33.771	693.771	00:00:01.609	1.609		TF21L	tele a suiga vaai	lots of changes i seen
00:11:34.516	694.516	00:11:37.722	697.722	00:00:03.206	3.206		TF21L	na: ou tuputupu a'e ai ma ou va'ai ai 	that i grown up to and see it 
00:11:38.691	698.691	00:11:41.974	701.974	00:00:03.283	3.283		TF21L	le taimia na o'u tuputupu age ai falealupo 	at the time i grown up to falealupo
00:11:44.025	704.025	00:11:46.611	706.611	00:00:02.586	2.586		TF21L	pei o le:?	just like the
00:11:51.574	711.574	00:11:54.117	714.117	00:00:02.543	2.543		TF21L	sui o le suile olaga	changes of the changing of life
00:11:55.957	715.957	00:11:58.116	718.116	00:00:02.159	2.159		TF21L	sui le ta:u	weather changes
00:11:58.848	718.848	00:12:00.934	720.934	00:00:02.086	2.086		TF21L	ia ma le tele a o isi mea 	yeah and alots of other things 
00:12:02.989	722.989	00:12:04.965	724.965	00:00:01.976	1.976		TF21L	pau na 	thats all 
00:12:05.194	725.194	00:12:09.180	729.18	00:00:03.986	3.986		Heti	nae a'afia muamua i se a:fa 	did you involved in a cyclone 
00:12:09.338	729.338	00:12:10.467	730.467	00:00:01.129	1.129		Heti	nu 	
00:12:10.571	730.571	00:12:11.905	731.905	00:00:01.334	1.334		Heti	na:fapei:	like what 
00:12:12.124	732.124	00:12:14.761	734.761	00:00:02.637	2.637		TF21L	um a:fa o heta 	um the cyclone 
00:12:14.806	734.806	00:12:15.660	735.66	00:00:00.854	0.854		Heti	heta 	
00:12:15.958	735.958	00:12:18.733	738.733	00:00:02.775	2.775		TF21L	um lua afe ma le 	yeah two thousand and 
00:12:18.905	738.905	00:12:21.645	741.645	00:00:02.740	2.74		TF21L	le a foi le kausaga lea ga oso ai le a:fa o heta 	what is the yeah that heta occurt
00:12:23.537	743.537	00:12:25.974	745.974	00:00:02.437	2.437		Heti	2008	
00:12:28.689	748.689	00:12:31.576	751.576	00:00:02.887	2.887		Heti	.. na fapei	how was that?
00:12:31.737	751.737	00:12:33.882	753.882	00:00:02.145	2.145		TF21L	ga a 	the what?
00:12:33.882	753.882	00:12:35.330	755.33	00:00:01.448	1.448		TF21L	famatala 	explain
00:12:35.591	755.591	00:12:37.734	757.734	00:00:02.143	2.143		TF21L	e: ma:losi 	its strong 
00:12:38.067	758.067	00:12:41.119	761.119	00:00:03.052	3.052		TF21L	tele na ma:lepelepe ai fale	much homes are destroy
00:12:41.579	761.579	00:12:45.190	765.19	00:00:03.611	3.611		TF21L	ia ma faleaga ai meatoni a a:iga 	and also families furnitures are destroyed 
00:12:45.324	765.324	00:12:46.976	766.976	00:00:01.652	1.652		TF21L	ia a mea aoga:	and good things
00:12:47.329	767.329	00:12:48.587	768.587	00:00:01.258	1.258		TF21L	pei o le 	like the
00:12:48.721	768.721	00:12:50.808	770.808	00:00:02.087	2.087		TF21L	pei o le siosiomaga i 	like the environment in
00:12:51.101	771.101	00:12:52.359	772.359	00:00:01.258	1.258		TF21L	i	
00:12:52.732	772.732	00:12:54.603	774.603	00:00:01.871	1.871		TF21L	mea a'ai ai 	things for food 
00:12:55.303	775.303	00:12:57.853	777.853	00:00:02.550	2.55		TF21L	ia ma le tele foi a o isi mea 	and alots of other things 
00:12:58.794	778.794	00:13:01.573	781.573	00:00:02.779	2.779		TF21L	..pau na 	that all 
00:13:01.763	781.763	00:13:04.831	784.831	00:00:03.068	3.068		Heti	okay ...ma:	okay and 
00:13:05.019	785.019	00:13:08.846	788.846	00:00:03.827	3.827		Heti	e ... a	
00:13:08.996	788.996	00:13:13.164	793.164	00:00:04.168	4.168		Heti	te iloa i a e te iloa ona e iai isi ese	do you know some you know 
00:13:13.316	793.316	00:13:16.031	796.031	00:00:02.715	2.715		Heti	esega i le gagana sa:moa	differences in sa:moan language 
00:13:16.621	796.621	00:13:18.986	798.986	00:00:02.365	2.365		TF21L	leai 	no 
00:13:19.167	799.167	00:13:24.588	804.588	00:00:05.421	5.421		Heti	ai oi i e iai le gagana fa'aaloalo 	no well its in the respectful language 
00:13:24.737	804.737	00:13:30.293	810.293	00:00:05.556	5.556		Heti	a ma le gagana t tautala lelei tautala leaga t k 	and the language good speaking and bad speak t k 
00:13:30.467	810.467	00:13:34.587	814.587	00:00:04.120	4.12		Heti	ma e iai le umm 	and theres a um
00:13:34.721	814.721	00:13:38.915	818.915	00:00:04.194	4.194		Heti	tautala o le a fogo 	speaking of the meeting 
00:13:39.120	819.12	00:13:42.413	822.413	00:00:03.293	3.293		TF21L	ma mea fai le lotu	and things that do in churches
00:13:42.673	822.673	00:13:48.190	828.19	00:00:05.517	5.517		H]	i e mafai ona e fa:matala i le ese'esega o gagana sa:moa 	yeah and can you explain the differences of sa:moan language
00:13:48.396	828.396	00:13:49.542	829.542	00:00:01.146	1.146		Heti	o le a le ese'esega 	what is the differences
00:13:55.810	835.81	00:13:58.831	838.831	00:00:03.021	3.021		TF21L	ese'esega i le a le i:tu	different in what
00:13:59.032	839.032	00:14:01.690	841.69	00:00:02.658	2.658		TF19S	no a lo ta'u mai 	no go and tell 
00:14:02.339	842.339	00:14:04.490	844.49	00:00:02.151	2.151		TF19S	using t and K	
00:14:04.695	844.695	00:14:08.354	848.354	00:00:03.659	3.659		Heti		
00:14:08.543	848.543	00:14:11.779	851.779	00:00:03.236	3.236		TF19S	...so'o se ku'aiga 	any kind 
00:14:11.937	851.937	00:14:14.315	854.315	00:00:02.378	2.378		TF19S	gaga a 	of language 
00:14:14.461	854.461	00:14:16.118	856.118	00:00:01.657	1.657		TF21L	kele gagaga	lots of language 
00:14:16.651	856.651	00:14:18.172	858.172	00:00:01.521	1.521		TF21L	gaga 	language
00:14:19.291	859.291	00:14:20.828	860.828	00:00:01.537	1.537		TF21L	igilisi 	english
00:14:20.986	860.986	00:14:23.166	863.166	00:00:02.180	2.18		Heti	loga i i totonu o fa:sa:moa 	in fa'asa:moan
00:14:23.292	863.292	00:14:25.348	865.348	00:00:02.056	2.056		TF21L	oi o tonu o sa:moa 	oh in sa:moan 
00:14:31.554	871.554	00:14:33.482	873.482	00:00:01.928	1.928		TF21L	te leiloa 	i dont know
00:14:40.645	880.645	00:14:42.263	882.263	00:00:01.618	1.618		Heti	a can you	
00:14:42.443	882.443	00:14:45.377	885.377	00:00:02.934	2.934		Heti		
00:14:45.606	885.606	00:14:52.227	892.227	00:00:06.621	6.621		TF19S	pe fia avea oe ma prime minister palemia po le a se mea ke fia faia le ma:lo pe a vea oe ma palemia 	if want as a prime minister what you want to do for the country if you are a prime minister 
00:14:53.037	893.037	00:14:56.698	896.698	00:00:03.661	3.661		TF21L	falelei o ..auala 	making the road 
00:14:58.187	898.187	00:15:00.219	900.219	00:00:02.032	2.032		TF21L	aua 	dont 
00:15:01.175	901.175	00:15:03.311	903.311	00:00:02.136	2.136		TF21L	faleleia o auala 	making a road to be good 
00:15:03.500	903.5	00:15:05.787	905.787	00:00:02.287	2.287		TF21L	o: falea:oga 	school building 
00:15:07.828	907.828	00:15:10.092	910.092	00:00:02.264	2.264		TF21L	ia ma falelei le nu'u	and also the village to be good 
00:15:11.103	911.103	00:15:13.884	913.884	00:00:02.781	2.781		TF21L	ia ma isi mea ..hah?	yeah and other things what 
00:15:14.058	914.058	00:15:15.914	915.914	00:00:01.856	1.856		Heti	fa'apefea 	how?
00:15:20.556	920.556	00:15:22.319	922.319	00:00:01.763	1.763		TF21L	fapefea?	how 
00:15:22.476	922.476	00:15:24.628	924.628	00:00:02.152	2.152		TF19S	fa faigofie le soifuaga 	make the life better
00:15:26.624	926.624	00:15:28.838	928.838	00:00:02.214	2.214		TF21L	fakaugofie le soifuaga	for cheap life 
00:15:29.348	929.348	00:15:31.044	931.044	00:00:01.696	1.696		TF21L	ia ma le 	yeah and the 
00:15:31.712	931.712	00:15:34.375	934.375	00:00:02.663	2.663		TF21L	laga e kele le makiva 	because we are so poor 
00:15:35.116	935.116	00:15:40.119	940.119	00:00:05.003	5.003		TF21L	ma le: lelei le kamao'aiga i kokogu o gu'u ma 	and the good environment in a village and
00:15:40.394	940.394	00:15:43.400	943.4	00:00:03.006	3.006		TF21L	eka:le:sia ia ma a:iga 	churches and families 
00:15:52.421	952.421	00:15:56.174	956.174	00:00:03.753	3.753		Heti	na e te iloa isi tala sa:moa 	and do you know any sa:moan story
00:15:56.319	956.319	00:15:58.727	958.727	00:00:02.408	2.408		Heti	old stories 	
00:15:59.141	959.141	00:16:01.499	961.499	00:00:02.358	2.358				
00:16:01.631	961.631	00:16:03.046	963.046	00:00:01.415	1.415		TF21L	o le 	the 
00:16:06.223	966.223	00:16:08.633	968.633	00:00:02.410	2.41		TF21L	ka aivalea a le mea le iai 	in so fool in this time 
00:16:11.378	971.378	00:16:12.581	972.581	00:00:01.203	1.203		TF21L	ua galo 	i forgot it 
00:16:13.154	973.154	00:16:14.908	974.908	00:00:01.754	1.754		TF21L	ua le manatua 	i cant remember 
00:16:15.549	975.549	00:16:16.630	976.63	00:00:01.081	1.081		TF21L	ua galo 	i forgot 
00:16:17.647	977.647	00:16:20.528	980.528	00:00:02.881	2.881		TF21L	ua uma a a:oga ma galo aku ai a:	school was done and forget all of that 
00:16:22.105	982.105	00:16:24.481	984.481	00:00:02.376	2.376		TF21L	ua ese foi le mea lea ua iai 	this time was change 
00:16:24.692	984.692	00:16:26.440	986.44	00:00:01.748	1.748		Heti		
00:16:26.503	986.503	00:16:28.926	988.926	00:00:02.423	2.423		TF19S		
00:16:29.179	989.179	00:16:32.672	992.672	00:00:03.493	3.493		TF19S		
00:16:32.951	992.951	00:16:35.262	995.262	00:00:02.311	2.311				
00:16:35.472	995.472	00:16:36.734	996.734	00:00:01.262	1.262		TF21L	sorry	
00:16:37.067	997.067	00:16:40.073	1000.073	00:00:03.006	3.006		Heti		
00:16:40.230	1000.23	00:16:43.772	1003.772	00:00:03.542	3.542		Heti	fai ona e faia le lisi o le upu a o upu	can you do the word list 
00:16:43.977	1003.977	00:16:46.967	1006.967	00:00:02.990	2.99		TF19S	faikau uma a le pepa ga 	read all that paper
00:16:47.667	1007.667	00:16:49.101	1009.101	00:00:01.434	1.434		TF21L	faikau	read?
00:16:49.665	1009.665	00:16:51.243	1011.243	00:00:01.578	1.578				
00:16:53.039	1013.039	00:16:55.511	1015.511	00:00:02.472	2.472		TF21L	faikau uma a le mea lea ma i	read all of this and here 
00:16:59.536	1019.536	00:17:03.325	1023.325	00:00:03.789	3.789		TF21L	o se tane lelei e fa'aaloalo i le a:va 	a good man respect his wife 
00:17:03.913	1023.913	00:17:06.711	1026.711	00:00:02.798	2.798		TF21L	tane tane tane 	man man man 
00:17:07.938	1027.938	00:17:11.409	1031.409	00:00:03.471	3.471		TF21L	o fea le manu na ou va'ai ai ananafi 	where is the animal i see yesterday?
00:17:11.981	1031.981	00:17:14.379	1034.379	00:00:02.398	2.398		TF21L	manu manu manu 	animal animal animal
00:17:15.917	1035.917	00:17:18.653	1038.653	00:00:02.736	2.736		TF21L	o namu e pepesi ai fa'ama'i	mosquito can spread disease 
00:17:18.835	1038.835	00:17:21.387	1041.387	00:00:02.552	2.552		TF21L	namu namu namu 	mosquito mosquito mosquito
00:17:21.576	1041.576	00:17:22.802	1042.802	00:00:01.226	1.226		TF21L	se oe 	you get out
00:17:22.961	1042.961	00:17:26.429	1046.429	00:00:03.468	3.468		TF21L	e manai le 'ula pe a fai i le moso'oi 	necklace was nice when made by the moso'oi
00:17:26.905	1046.905	00:17:29.274	1049.274	00:00:02.369	2.369		TF21L	'ula 'ula 'ula 	necklase necklase necklase 
00:17:29.816	1049.816	00:17:30.940	1050.94	00:00:01.124	1.124		TF21L	soia 	dont
00:17:32.654	1052.654	00:17:34.360	1054.36	00:00:01.706	1.706		TF21L	sa ou moe 	i sleep
00:17:35.363	1055.363	00:17:37.236	1057.236	00:00:01.873	1.873		TF21L	i ole i le faleo'o 	there at the faleo'o
00:17:37.570	1057.57	00:17:39.347	1059.347	00:00:01.777	1.777		TF21L	i i i	there there there 
00:17:40.216	1060.216	00:17:43.285	1063.285	00:00:03.069	3.069		TF21L	e leai se pasi i le matou nu'u	my village have no bus 
00:17:43.453	1063.453	00:17:44.503	1064.503	00:00:01.050	1.05		TF21L	pa:si	bus 
00:17:45.203	1065.203	00:17:46.668	1066.668	00:00:01.465	1.465		TF21L	pa:si pa:si 	bus bus 
00:17:47.232	1067.232	00:17:49.217	1069.217	00:00:01.985	1.985		TF21L	ua ti:ga lo'u vae 	my leg is getting hurt
00:17:49.566	1069.566	00:17:51.534	1071.534	00:00:01.968	1.968		TF21L	va:e va:e vae 	leg leg leg
00:17:52.115	1072.115	00:17:54.531	1074.531	00:00:02.416	2.416		TF21L	ua lafoia ata o la'au	the shadow of trees picture
00:17:55.064	1075.064	00:17:57.616	1077.616	00:00:02.552	2.552		TF21L	'ata 'ata 'ata	picture picture picture
00:17:57.886	1077.886	00:18:00.334	1080.334	00:00:02.448	2.448		TF21L	o lo'u to'alua o la'u pele lea 	my husband is my darling 
00:18:00.547	1080.547	00:18:02.748	1082.748	00:00:02.201	2.201		TF21L	pele pele pele 	darling darling darling 
00:18:03.520	1083.52	00:18:05.961	1085.961	00:00:02.441	2.441		TF21L	ua mafo'e lo'u pa'u i le la 	my skin is lacerated by the sun
00:18:06.111	1086.111	00:18:08.551	1088.551	00:00:02.440	2.44		TF21L	pa'u pa'u pa'u 	skin skin skin
00:18:09.282	1089.282	00:18:12.528	1092.528	00:00:03.246	3.246		TF21L	ua ou i:va i le tele o galuega 	im so tired from lots of works 
00:18:12.686	1092.686	00:18:15.351	1095.351	00:00:02.665	2.665		TF21L	i:va i:va i:va 	tired tired tired 
00:18:15.626	1095.626	00:18:17.668	1097.668	00:00:02.042	2.042		TF21L	ua tele vai i neiafu 	neiafu got alots of water 
00:18:17.969	1097.969	00:18:19.852	1099.852	00:00:01.883	1.883		TF21L	vai vai vai 	water water water
00:18:20.559	1100.559	00:18:23.813	1103.813	00:00:03.254	3.254		TF21L	ua leiloa le oso i le ma'umaga 	the jumb is lost at the plantation
00:18:24.251	1104.251	00:18:26.389	1106.389	00:00:02.138	2.138		TF21L	oi le 'oso i le ma'umaga 	oh mean the dig at the plantation
00:18:27.753	1107.753	00:18:29.714	1109.714	00:00:01.961	1.961		TF21L	'oso 'oso 'oso 	dig dig dig 
00:18:31.835	1111.835	00:18:35.162	1115.162	00:00:03.327	3.327		TF21L	ua ua ula mai teine i lo'u ulu 	girls make fun at my head 
00:18:35.512	1115.512	00:18:37.639	1117.639	00:00:02.127	2.127		TF21L	'ula 'ula ula 	make fun make fun make fun
00:18:38.172	1118.172	00:18:41.353	1121.353	00:00:03.181	3.181		TF21L	e ma:nai pe 'a sa e manaia 	its good a its good 
00:18:41.512	1121.512	00:18:43.320	1123.32	00:00:01.808	1.808		TF21L	pe 'a sa:moa moni 	if a real sa:moan
00:18:43.822	1123.822	00:18:47.490	1127.49	00:00:03.668	3.668		TF21L	pea: pea: pe'a pe'a pe'a 	if if tattoo tattoo tattoo
00:18:47.720	1127.72	00:18:48.524	1128.524	00:00:00.804	0.804		TF21L	sorry	
00:18:49.615	1129.615	00:18:50.858	1130.858	00:00:01.243	1.243		TF21L	e manaia 	its good 
00:18:54.295	1134.295	00:18:57.461	1137.461	00:00:03.166	3.166		TF21L	ua ou fia ma:lo:lo: mai a'u galuega 	i want to get rest from my works 
00:18:58.050	1138.05	00:19:00.730	1140.73	00:00:02.680	2.68		TF21L	ma:lo:lo: ma:lo:lo: ma:lo:lo:	rest rest rest 
00:19:01.438	1141.438	00:19:04.444	1144.444	00:00:03.006	3.006		TF21L	ua na vavae fanua a lo'u ta:ma 	my fathers land are already divided 
00:19:04.778	1144.778	00:19:08.151	1148.151	00:00:03.373	3.373		TF21L	a oi ua uma ona vaevae fa:nua a lo'u ta:ma 	oh mean my fathers land are already divided 
00:19:08.452	1148.452	00:19:11.020	1151.02	00:00:02.568	2.568		TF21L	vaevae vaevae vaevae 	divided divided divided
00:19:11.537	1151.537	00:19:14.474	1154.474	00:00:02.937	2.937		TF21L	ua ua 'ata le tama ina ua ou	the boy laugh when i 
00:19:14.758	1154.758	00:19:15.332	1155.332	00:00:00.574	0.574		TF21L	pa:'u 	fall
00:19:15.632	1155.632	00:19:17.410	1157.41	00:00:01.778	1.778		TF21L	pa:'u pa:'u pa:'u	fall fall fall
00:19:18.284	1158.284	00:19:19.944	1159.944	00:00:01.660	1.66		TF21L	ua pasi la'u suega 	my exam is passed
00:19:20.094	1160.094	00:19:22.406	1162.406	00:00:02.312	2.312		TF21L	pa:si pa:si pa:si	passed passed passed
00:19:22.827	1162.827	00:19:25.268	1165.268	00:00:02.441	2.441		TF21L	ua pa le pa'u o la'u ta'avale 	my car tyre is burst 
00:19:25.561	1165.561	00:19:27.642	1167.642	00:00:02.081	2.081		TF21L	pa'u pa'u pa'u	tyre tyre tyre
00:19:29.037	1169.037	00:19:32.492	1172.492	00:00:03.455	3.455		TF21L	ua oso fiafia le tina ina ua va'ai	mother are jumb up with happy when she see
00:19:32.634	1172.634	00:19:34.774	1174.774	00:00:02.140	2.14		TF21L	oi ina ua 'ai le pua'a	mean when they eat the pig
00:19:35.049	1175.049	00:19:37.425	1177.425	00:00:02.376	2.376		TF21L	oso oso oso 	jumb jumb jumb 
00:19:37.647	1177.647	00:19:39.219	1179.219	00:00:01.572	1.572		TF21L	..ua 	
00:19:39.396	1179.396	00:19:41.109	1181.109	00:00:01.713	1.713		TF21L	ua i lo'u manava 	my stomach is out of food 
00:19:41.339	1181.339	00:19:44.100	1184.1	00:00:02.761	2.761		TF21L	ou te lei 'ai anapo i	im not eat last night empty
00:19:44.281	1184.281	00:19:45.597	1185.597	00:00:01.316	1.316		TF21L	i i 	empty empty
00:19:47.878	1187.878	00:19:49.896	1189.896	00:00:02.018	2.018		TF21L	fapea a'au ia ua uma 	i thought it was done 
00:19:52.296	1192.296	00:19:55.151	1195.151	00:00:02.855	2.855		TF21L	ua namu leaga le kalone 	the galone is smell bad
00:19:55.388	1195.388	00:19:57.678	1197.678	00:00:02.290	2.29		TF21L	namu namu namu 	smell smell smell
00:19:58.165	1198.165	00:19:59.881	1199.881	00:00:01.716	1.716		TF21L	ua uma le tane vai 	the water tank is finist 
00:20:00.015	1200.015	00:20:02.271	1202.271	00:00:02.256	2.256		TF21L	tane tane tane 	tank tank tank 
00:20:02.516	1202.516	00:20:06.114	1206.114	00:00:03.598	3.598		TF21L	sa fai le ma pe:le ma lo'u ma la'u uo	we have a playing cards with my friend 
00:20:06.375	1206.375	00:20:08.727	1208.727	00:00:02.352	2.352		TF21L	pe:le pe:le pe:le 	playing cards playing cards playing cards
00:20:09.308	1209.308	00:20:10.535	1210.535	00:00:01.227	1.227		TF21L	sa tao	
00:20:10.648	1210.648	00:20:12.630	1212.63	00:00:01.982	1.982				
00:20:12.803	1212.803	00:20:14.174	1214.174	00:00:01.371	1.371		TF21L	sa ta o	we go
00:20:14.280	1214.28	00:20:16.386	1216.386	00:00:02.106	2.106		TF21L	ma:nu \	while 
00:20:16.535	1216.535	00:20:18.887	1218.887	00:00:02.352	2.352		TF21L	sau ta: o ma:nu e le'i po 	come we should go while the night come
00:20:19.069	1219.069	00:20:21.796	1221.796	00:00:02.727	2.727		TF21L	ma:nu ma:nu ma:nu 	while while while 
00:20:22.410	1222.41	00:20:23.836	1223.836	00:00:01.426	1.426		TF21L	o le ma:lo oi 	the win mean
00:20:24.105	1224.105	00:20:27.185	1227.185	00:00:03.080	3.08		TF21L	o le ma o le malo:lo: e fefe vale pe 'a	the malo:lo: was scared when
00:20:27.813	1227.813	00:20:29.130	1229.13	00:00:01.317	1.317		TF21L	o iai 	go in
00:20:29.229	1229.229	00:20:31.409	1231.409	00:00:02.180	2.18				
00:20:31.613	1231.613	00:20:33.510	1233.51	00:00:01.897	1.897		TF21L	pe a o iai tagata 	when people go to 
00:20:33.578	1233.578	00:20:35.788	1235.788	00:00:02.210	2.21		Heti	o le ma:lolo o le ia	ma:lolo is a fish
00:20:36.616	1236.616	00:20:39.248	1239.248	00:00:02.632	2.632		TF21L	ma:lo:lo ma:lo:lo ma:lo:lo:	
00:20:40.060	1240.06	00:20:43.617	1243.617	00:00:03.557	3.557		TF21L	ua pa:'u le manu ua pa:'u le manu sa:moa 	the manu sa:moa is loose 
00:20:44.095	1244.095	00:20:46.048	1246.048	00:00:01.953	1.953		TF21L	pa:'u pa:'u pa:'u	fall fall fall 
00:20:46.749	1246.749	00:20:48.685	1248.685	00:00:01.936	1.936		Heti	fafetai 	thanks 
00:20:48.883	1248.883	00:20:53.006	1253.006	00:00:04.123	4.123		Heti	um e te iloa i le i le a maybe 	um did you know the 
00:20:53.259	1253.259	00:20:57.653	1257.653	00:00:04.394	4.394		Heti		
00:20:57.842	1257.842	00:21:02.708	1262.708	00:00:04.866	4.866		Heti		
00:21:02.962	1262.962	00:21:06.479	1266.479	00:00:03.517	3.517		Heti		
00:21:06.668	1266.668	00:21:09.523	1269.523	00:00:02.855	2.855		Heti		
00:21:09.720	1269.72	00:21:13.133	1273.133	00:00:03.413	3.413		TF21L	i le t pe a pea kaukala le t ma k 	at the t when speak at t and k
00:21:15.271	1275.271	00:21:17.121	1277.121	00:00:01.850	1.85		TF21L	o le t	t is the 
00:21:17.390	1277.39	00:21:20.757	1280.757	00:00:03.367	3.367		TF21L	le ese'esega le kaukala lelei ga 	the differences that the good speak
00:21:21.057	1281.057	00:21:24.759	1284.759	00:00:03.702	3.702		TF21L	a'o le ao le k kusa le kaukala leaga ga 	but the k thats the bad speak
00:21:24.988	1284.988	00:21:26.343	1286.343	00:00:01.355	1.355		TF21L	pe a fa'aoga le k 	when using the k 
00:21:26.844	1286.844	00:21:29.308	1289.308	00:00:02.464	2.464		TF21L	pe aka ka'ua se upu foi ga le fa'apea o le 	when i speak the some words like the
00:21:30.431	1290.431	00:21:33.456	1293.456	00:00:03.025	3.025		TF21L	ta'aloga ae aka fai mai o le ka'aloga 	game and i said game 
00:21:33.915	1293.915	00:21:36.666	1296.666	00:00:02.751	2.751		TF21L	a 	right 
00:21:36.872	1296.872	00:21:41.097	1301.097	00:00:04.225	4.225		Heti		
00:21:41.133	1301.133	00:21:42.435	1302.435	00:00:01.302	1.302		Heti		
00:21:42.609	1302.609	00:21:45.566	1305.566	00:00:02.957	2.957		Heti		
00:21:45.851	1305.851	00:21:48.673	1308.673	00:00:02.822	2.822		TF19S		
00:21:48.839	1308.839	00:21:51.423	1311.423	00:00:02.584	2.584		TF19S		
00:21:51.580	1311.58	00:21:53.758	1313.758	00:00:02.178	2.178		Heti	i	yeah 
00:21:53.923	1313.923	00:21:57.377	1317.377	00:00:03.454	3.454		TF21L	e a?	what?
00:21:57.582	1317.582	00:22:00.987	1320.987	00:00:03.405	3.405		TF19S	fakaikaiga um ...ga	for example 
00:22:01.145	1321.145	00:22:03.114	1323.114	00:00:01.969	1.969		Heti	ka:lone kaloge	galone 
00:22:03.311	1323.311	00:22:05.072	1325.072	00:00:01.761	1.761		TF21L	ka:loge	galone 
00:22:05.309	1325.309	00:22:07.263	1327.263	00:00:01.954	1.954		TF21L	ta:lone 	galone 
00:22:08.315	1328.315	00:22:11.497	1331.497	00:00:03.182	3.182		TF21L	fakaikaiga pe 'a fa'apea o le t ta:lone 	like for example t galone 
00:22:11.870	1331.87	00:22:15.404	1335.404	00:00:03.534	3.534		TF19S	...ta:lone	
00:22:15.601	1335.601	00:22:19.095	1339.095	00:00:03.494	3.494		Heti		
00:22:19.404	1339.404	00:22:21.373	1341.373	00:00:01.969	1.969		Heti	a ta:lofa	a welcome
00:22:21.578	1341.578	00:22:24.865	1344.865	00:00:03.287	3.287		Heti	kalofa	
00:22:25.094	1345.094	00:22:29.537	1349.537	00:00:04.443	4.443		Heti	a ...i 	
00:22:29.710	1349.71	00:22:33.435	1353.435	00:00:03.725	3.725		Heti	i: t k 	
00:22:33.601	1353.601	00:22:38.230	1358.23	00:00:04.629	4.629		Heti	i a ma tane kane 	i yeah and tank
00:22:38.452	1358.452	00:22:40.470	1360.47	00:00:02.018	2.018		TF21L	kane 	tank
00:22:40.707	1360.707	00:22:43.435	1363.435	00:00:02.728	2.728		Heti	a ka:ge	
00:22:43.680	1363.68	00:22:46.384	1366.384	00:00:02.704	2.704		Heti	e leai kage kage a 	not tank 
00:22:46.613	1366.613	00:22:49.907	1369.907	00:00:03.294	3.294		Heti		
00:22:50.966	1370.966	00:22:54.188	1374.188	00:00:03.222	3.222		Heti		
00:22:54.370	1374.37	00:22:57.393	1377.393	00:00:03.023	3.023		TF19S	kalofa kage	welcome tank
00:22:57.543	1377.543	00:23:00.725	1380.725	00:00:03.182	3.182		Heti	..e te 	do you
00:23:00.891	1380.891	00:23:03.946	1383.946	00:00:03.055	3.055		Heti	e te malamalama 	do you understand 
00:23:04.359	1384.359	00:23:07.230	1387.23	00:00:02.871	2.871		TF21L	o o la fai mai po le a se ta'uga le n ma g 	she said what i can called for n and g 
00:23:07.437	1387.437	00:23:11.090	1391.09	00:00:03.653	3.653		TF19S	kusa a ka'uga le t faaoga le n ae kauga le k	like if i said the t using n but if said k
00:23:11.271	1391.271	00:23:12.835	1392.835	00:00:01.564	1.564		TF19S	e alu ai le le g	then g goes to
00:23:12.976	1392.976	00:23:14.443	1394.443	00:00:01.467	1.467		TF21L	na: lofa 	
00:23:14.720	1394.72	00:23:17.967	1397.967	00:00:03.247	3.247		TF19S	ae li upu la e mafai na ka'u ai 	but words that said to 
00:23:18.141	1398.141	00:23:20.261	1400.261	00:00:02.120	2.12		TF21L	kailo le iloa 	i dont know 
00:23:20.515	1400.515	00:23:24.131	1404.131	00:00:03.616	3.616		Heti		
00:23:24.249	1404.249	00:23:27.560	1407.56	00:00:03.311	3.311		Heti		
00:23:27.726	1407.726	00:23:30.685	1410.685	00:00:02.959	2.959		Heti	... ma: e 	and 
00:23:30.835	1410.835	00:23:34.976	1414.976	00:00:04.141	4.141		Heti	e mafai ona e famatala i le tala le lenei 	can you explai  this story
00:23:35.157	1415.157	00:23:37.670	1417.67	00:00:02.513	2.513		TF21L	i tamaiti 	to kids 
00:23:38.147	1418.147	00:23:42.544	1422.544	00:00:04.397	4.397		Heti	i fasa:moa famolemole famatala i le a	in sa:moan but please explain in 
00:23:42.702	1422.702	00:23:47.058	1427.058	00:00:04.356	4.356		Heti		
00:23:47.240	1427.24	00:23:50.942	1430.942	00:00:03.702	3.702		TF19S	i kamaiki kago famakala 	to kids you can explain
00:23:51.099	1431.099	00:23:54.960	1434.96	00:00:03.861	3.861		Heti		
00:23:55.110	1435.11	00:23:57.901	1437.901	00:00:02.791	2.791		Heti		
00:23:58.052	1438.052	00:24:01.983	1441.983	00:00:03.931	3.931		Heti		
00:24:02.113	1442.113	00:24:04.949	1444.949	00:00:02.836	2.836		Heti		
00:24:05.083	1445.083	00:24:08.058	1448.058	00:00:02.975	2.975		TF19S	use le normal ae aua le faogaaga le formal i le i lau gagaga 	use nomal not formal in your language 
00:24:08.224	1448.224	00:24:11.250	1451.25	00:00:03.026	3.026		TF19S	fasa:moa i kamaiki 	in sa:moan to kids 
00:24:11.453	1451.453	00:24:14.181	1454.181	00:00:02.728	2.728		TF19S	le kusi la ga ae kago famakala aka 	that book but explain pictures 
00:24:14.339	1454.339	00:24:16.835	1456.835	00:00:02.496	2.496		TF19S	.. famakala uma a le kusi 	explain the whole book 
00:24:16.984	1456.984	00:24:18.874	1458.874	00:00:01.890	1.89		TF21L	famakala ai aka 	explain a pictures 
00:24:19.735	1459.735	00:24:21.137	1461.137	00:00:01.402	1.402		TF21L	i kamaiki 	at kids 
00:24:21.494	1461.494	00:24:22.857	1462.857	00:00:01.363	1.363		TF21L	ae le leai gi kamaiki n	but there is no kids 
00:24:24.068	1464.068	00:24:26.683	1466.683	00:00:02.615	2.615		TF21L	Laugoa omai 	laugoa come 
00:24:28.165	1468.165	00:24:30.547	1470.547	00:00:02.382	2.382		TF21L	omai o le se famakala aku le mea 	come i want tonexplain this things 
00:24:35.821	1475.821	00:24:36.919	1476.919	00:00:01.098	1.098		TF21L	frog	
00:24:37.595	1477.595	00:24:40.156	1480.156	00:00:02.561	2.561		TF21L	pili oi pilio'ua 	lizards
00:24:40.689	1480.689	00:24:41.797	1481.797	00:00:01.108	1.108		TF21L	lage 	frog 
00:24:42.808	1482.808	00:24:45.066	1485.066	00:00:02.258	2.258		TF19S	omai i 	come here 
00:24:45.375	1485.375	00:24:48.438	1488.438	00:00:03.063	3.063		TF21L	fa:makala uma a 	explain all of this
00:24:49.155	1489.155	00:24:52.401	1492.401	00:00:03.246	3.246				
00:24:52.767	1492.767	00:24:55.175	1495.175	00:00:02.408	2.408		TF21L	omai i fasaga mai le kusi lea 	come and face in this book 
00:24:55.325	1495.325	00:24:58.189	1498.189	00:00:02.864	2.864		TF21L	ae se aua le li soso mai 	dont laugh but get closer
00:24:58.713	1498.713	00:25:00.125	1500.125	00:00:01.412	1.412		TF21L	soso mai kele 	just come closer 
00:25:07.746	1507.746	00:25:10.658	1510.658	00:00:02.912	2.912		TF21L	faikau 	read 
00:25:10.839	1510.839	00:25:13.216	1513.216	00:00:02.377	2.377				
00:25:13.414	1513.414	00:25:16.038	1516.038	00:00:02.624	2.624		TF21L	frog where are you	
00:25:16.611	1516.611	00:25:18.772	1518.772	00:00:02.161	2.161		TF21L	o le a le fa'asa:moa le frog 	what is the sa:moan word for frog 
00:25:21.004	1521.004	00:25:23.181	1523.181	00:00:02.177	2.177		TF21L	o le lage mai 	its a frog 
00:25:23.339	1523.339	00:25:24.638	1524.638	00:00:01.299	1.299		TF21L	po'o fea oe 	where are you '
00:25:28.580	1528.58	00:25:30.230	1530.23	00:00:01.650	1.65		TF21L	le aka le a	this photo
00:25:30.835	1530.835	00:25:32.998	1532.998	00:00:02.163	2.163		TF21L	le a le mea le kamaikiki lae fai 	what did the boy do?
00:25:34.439	1534.439	00:25:35.907	1535.907	00:00:01.468	1.468		TF21L	ma le i le maile 	and the at the dog 
00:25:36.240	1536.24	00:25:37.476	1537.476	00:00:01.236	1.236		TF21L	o le mea lea 	this one 
00:25:37.594	1537.594	00:25:39.420	1539.42	00:00:01.826	1.826		TF21L	le a le mea le kogu i le fagu lea 	what is in this bottle?
00:25:41.789	1541.789	00:25:44.429	1544.429	00:00:02.640	2.64		TF21L	e iu a ga kei ua ou po:'oa se kamaikiki 	its end up to hit the some kid
00:25:45.728	1545.728	00:25:50.964	1550.964	00:00:05.236	5.236		TF21L	ssh o le la o le lage mea le kogu le fagu lae makamaka ai le maile ma le kamaikiki	shh its frog is inside the bottle that the boy and the frog watch to
00:25:51.408	1551.408	00:25:53.881	1553.881	00:00:02.473	2.473		TF21L	ia uma ga aka 	well done that picture
00:25:54.542	1554.542	00:25:56.519	1556.519	00:00:01.977	1.977		TF21L	ai la ua moe le kamaikiki	the boy sleep 
00:25:56.996	1556.996	00:25:59.787	1559.787	00:00:02.791	2.791		TF21L	a la ua oso mai fafo le lage pei a sola 	but the frog got out maybe trying to escape
00:25:59.993	1559.993	00:26:01.156	1561.156	00:00:01.163	1.163		TF21L	a	right?
00:26:02.758	1562.758	00:26:05.575	1565.575	00:00:02.817	2.817		TF21L	ua aga iai gi upu foi gae e malamalama ai 	beause when its have words that make us understand 
00:26:05.699	1565.699	00:26:07.865	1567.865	00:00:02.166	2.166		TF19S	e ke kago famakala le aka 	you can explain picture
00:26:10.199	1570.199	00:26:13.238	1573.238	00:00:03.039	3.039		TF21L	vai lea lea ua ala ifo le kamaikiki ma laga maile 	see this the boy and his dog wake up
00:26:13.371	1573.371	00:26:16.610	1576.61	00:00:03.239	3.239		TF21L	kikilo mai kogu le fagu ua ua leai se mea sa kogu o le a?	look inside the bottle well theres nothing inside the what?
00:26:18.108	1578.108	00:26:19.425	1579.425	00:00:01.317	1.317		TF21L	ke la 	
00:26:19.884	1579.884	00:26:21.383	1581.383	00:00:01.499	1.499		TF21L	o le lage 	its the frog 
00:26:22.043	1582.043	00:26:24.333	1584.333	00:00:02.290	2.29		TF21L	lau a sola le lage 	the frog escape 
00:26:27.774	1587.774	00:26:30.001	1590.001	00:00:02.227	2.227		TF21L	le a la le mea le kamaikiki lea ua fai 	so what did the boy do?
00:26:30.374	1590.374	00:26:32.554	1592.554	00:00:02.180	2.18		TF21L	laua su'e  	they find it 
00:26:32.717	1592.717	00:26:35.685	1595.685	00:00:02.968	2.968		TF21L	lau su'e kogu o oga se'evae ia po'o iai 	he find inside his shoes whether it in 
00:26:37.191	1597.191	00:26:40.750	1600.75	00:00:03.559	3.559		TF21L	ma le fagu lele ua laku le maile molu ai kokogu ae la ua leai se mea 	and the bottle the dog was go inside but its nothing 
00:26:40.883	1600.883	00:26:42.031	1602.031	00:00:01.148	1.148				
00:26:45.850	1605.85	00:26:46.830	1606.83	00:00:00.980	0.98		TF21L	va'ai	see
00:26:47.554	1607.554	00:26:49.221	1609.221	00:00:01.667	1.667		TF21L	le a le mea le maile la ua fai 	what did the dog do?
00:26:49.706	1609.706	00:26:52.370	1612.37	00:00:02.664	2.664		TF21L	la ua pu:lou le fagu sai kokogu le lage 	his head inside the bottle where the frog is 
00:26:52.831	1612.831	00:26:54.809	1614.809	00:00:01.978	1.978		TF21L	a la ua kauvala'au e le kamakiki 	but boy called the frog 
00:26:54.927	1614.927	00:26:56.482	1616.482	00:00:01.555	1.555		TF21L	ia le lage po'o fea 	the frog where he is 
00:26:57.054	1617.054	00:26:57.779	1617.779	00:00:00.725	0.725		TF21L	frog 	
00:26:59.309	1619.309	00:27:00.744	1620.744	00:00:01.435	1.435		TF21L	i o ia o	
00:27:02.138	1622.138	00:27:04.986	1624.986	00:00:02.848	2.848		TF21L	va'ai lea ua iu a ga oso mai fafo le maile ma le fagu 	see the dog just come out with a bottle 
00:27:05.111	1625.111	00:27:06.850	1626.85	00:00:01.739	1.739		TF21L	ae lai ai kokogu loga ulu	but his head is inside 
00:27:07.734	1627.734	00:27:09.808	1629.808	00:00:02.074	2.074		TF21L	lae kikilo mai kamaikiki lea 	this boy looked at 
00:27:11.523	1631.523	00:27:12.670	1632.67	00:00:01.147	1.147		TF21L	a 	
00:27:13.578	1633.578	00:27:15.149	1635.149	00:00:01.571	1.571		TF21L	ua e malamalama 	do you understand 
00:27:16.767	1636.767	00:27:20.102	1640.102	00:00:03.335	3.335		TF21L	kua le malamalama a le mea le fa'amakala aku 	you dont understand the things that explained 
00:27:23.811	1643.811	00:27:27.003	1647.003	00:00:03.192	3.192		TF21L	le le o iu a ga oso mai fafo ma le kamaikiki 	and the boy come out 
00:27:27.879	1647.879	00:27:29.353	1649.353	00:00:01.474	1.474		TF21L	lea ua fusi laga maile 	he hold his dog 
00:27:29.503	1649.503	00:27:32.552	1652.552	00:00:03.049	3.049		TF21L	ua fiu e su'e le lage 	he tired of looking the frog
00:27:33.591	1653.591	00:27:35.690	1655.69	00:00:02.099	2.099		TF21L	a'ai le a le mea le maile lea ua fai	see what did the dog do?
00:27:37.045	1657.045	00:27:39.493	1659.493	00:00:02.448	2.448		TF21L	fai aku po le a le mea le maile lea ua fai fai mai si'i le maile 	i said what the dog do? he said hold the dog 
00:27:39.890	1659.89	00:27:43.728	1663.728	00:00:03.838	3.838		TF21L	lae ua ka:eko le maile va'ai lea ua ka:eko le maile a:lafau o le kamaikiki 	the dog swalow the boy lips
00:27:45.122	1665.122	00:27:47.954	1667.954	00:00:02.832	2.832		TF21L	ia va'ai lea ua o'o mai i su'ega le lage 	yeah see finding the frog is here 
00:27:48.541	1668.541	00:27:49.880	1669.88	00:00:01.339	1.339		TF21L	va'ai lae kauvala'au 	see they called 
00:27:50.549	1670.549	00:27:52.398	1672.398	00:00:01.849	1.849		TF21L	ae la ua ou ai luga le maile 	and the dog spark up
00:27:52.564	1672.564	00:27:54.788	1674.788	00:00:02.224	2.224		TF21L	ma le famoega lagomeli lele ua sau 	and the bee nest is coming 
00:27:56.606	1676.606	00:27:58.287	1678.287	00:00:01.681	1.681		TF21L	a 	
00:28:02.883	1682.883	00:28:06.344	1686.344	00:00:03.461	3.461		TF21L	va'ai laia lea ua o'o mai i le a le mea lea 	see they are here what is this 
00:28:08.930	1688.93	00:28:12.047	1692.047	00:00:03.117	3.117		TF21L	famoega a famoega age 	what nest 
00:28:13.186	1693.186	00:28:15.035	1695.035	00:00:01.849	1.849		TF21L	moega lagomeli 	its a bee nest 
00:28:15.289	1695.289	00:28:18.240	1698.24	00:00:02.951	2.951		TF21L	la ua o'o ai lalo i le maile ma le 	thats the dog and are down 
00:28:18.621	1698.621	00:28:22.881	1702.881	00:00:04.260	4.26		TF21L	ma le kamaikiki pei se pu lae kauvala'au ai le kamaikiki kogu le lage a 	and the boy its just like a hole that the boy called inside
00:28:27.317	1707.317	00:28:30.659	1710.659	00:00:03.342	3.342		TF21L	va'ai lae a kauvala'au o le aka a e kasi 	see he keep called its a same picture 
00:28:33.435	1713.435	00:28:34.965	1714.965	00:00:01.530	1.53		TF21L	lea ua o'o i 	they come here 
00:28:35.187	1715.187	00:28:37.030	1717.03	00:00:01.843	1.843		TF21L	ao le a la le mea lea ua oso mai fafo 	but what its come out 
00:28:37.981	1717.981	00:28:41.113	1721.113	00:00:03.132	3.132		TF21L	o le isumu pei se lapiki 	its a rat just like a rabbit 
00:28:43.330	1723.33	00:28:46.146	1726.146	00:00:02.816	2.816		TF21L	ao le maile lale a e e e 	but the dog its always 
00:28:46.204	1726.204	00:28:49.444	1729.444	00:00:03.240	3.24		TF21L	e agau a i luga le mea lea o le a famoega lagomeli 	he want up in this things is a honey
00:28:50.042	1730.042	00:28:53.088	1733.088	00:00:03.046	3.046		TF21L	le a le mea a lea a faga o ai lea o ai le a	what is this faga who is this 
00:28:55.001	1735.001	00:28:58.415	1738.415	00:00:03.414	3.414		TF21L	se gao kamaki leiloa a se mea kamaiki gei 	just only kids they didnt know anything this kids 
00:28:59.660	1739.66	00:29:02.875	1742.875	00:00:03.215	3.215		TF21L	ae va'ai le a ua o'o mai i le kamaikiki le suega laga lage 	see the boy come here finding his frog 
00:29:03.647	1743.647	00:29:06.934	1746.934	00:00:03.287	3.287		TF21L	lou vala'au agai kogu ia pei se pu o le la'au 	he called inside its like a tree hole 
00:29:07.560	1747.56	00:29:10.643	1750.643	00:00:03.083	3.083		TF21L	ao lale ua pa:'u lalo le famoega lagomeli mea le maile 	but the honey is fall down because of the dog 
00:29:12.165	1752.165	00:29:13.448	1753.448	00:00:01.283	1.283		TF21L	a	
00:29:14.756	1754.756	00:29:19.177	1759.177	00:00:04.421	4.421		TF21L	sole ga le makamaka a makua le malamalama a sole 	oh man just only watching but not understand man
00:29:20.148	1760.148	00:29:21.423	1761.423	00:00:01.275	1.275		TF21L	pe a mea alu ai le a:oga 	why they go to school
00:29:22.285	1762.285	00:29:24.709	1764.709	00:00:02.424	2.424		TF21L	o le a la le mea lea ua kupu le maile 	so what happen to the dog 
00:29:25.720	1765.72	00:29:26.875	1766.875	00:00:01.155	1.155		TF21L	ua agi ua a 	why he run
00:29:28.187	1768.187	00:29:30.955	1770.955	00:00:02.768	2.768		TF21L	kuli e lagomeli va'ai vai lea folo aku kua lagomeli	bees can follow at the dog 
00:29:31.152	1771.152	00:29:34.394	1774.394	00:00:03.242	3.242		TF21L	a lau a ua ua ua ua alo lalo ia lea 	and him are fall down
00:29:36.044	1776.044	00:29:37.729	1777.729	00:00:01.685	1.685		TF21L	a kana le a le mea lea 	kana what is this 
00:29:39.313	1779.313	00:29:40.756	1780.756	00:00:01.443	1.443		TF21L	o o a ia mea 	what is this 
00:29:42.303	1782.303	00:29:44.687	1784.687	00:00:02.384	2.384		TF21L	e o'o foi ia oe ke aivalea o aku o 	even you you such a looser
00:29:45.347	1785.347	00:29:48.146	1788.146	00:00:02.799	2.799		TF21L	se avaku i o le kama o lea fai le mea 	se just let the boy there because i do this 
00:29:49.884	1789.884	00:29:52.118	1792.118	00:00:02.234	2.234		TF21L	le a la le mea lea ua kupu le kamaikiki 	so what is happening to the boy?
00:29:53.536	1793.536	00:29:55.880	1795.88	00:00:02.344	2.344		TF21L	po lo ua kamo'e ea ua kuli ea le magu	maybe he run coz of the animal
00:29:56.740	1796.74	00:29:57.888	1797.888	00:00:01.148	1.148		TF21L	a 	right 
00:29:58.875	1798.875	00:29:59.863	1799.863	00:00:00.988	0.988		TF21L	e a?	what?
00:30:00.739	1800.739	00:30:02.988	1802.988	00:00:02.249	2.249		TF21L	o le lulu sao sikele 	its a owl sikele was right 
00:30:04.184	1804.184	00:30:05.706	1805.706	00:00:01.522	1.522		TF21L	kasi lau mea sao 	you have one correct 
00:30:07.803	1807.803	00:30:11.009	1811.009	00:00:03.206	3.206		TF21L	le a la le mea la fai la a kauvala'au a laga lage 	what he doing he always keep calling his frog 
00:30:11.318	1811.318	00:30:13.622	1813.622	00:00:02.304	2.304		TF21L	ae la fiu kauvala'au ua le 	he hard to called by its cant
00:30:13.884	1813.884	00:30:15.494	1815.494	00:00:01.610	1.61		TF21L	ae la o le maile 	and what its a dog 
00:30:15.652	1815.652	00:30:17.725	1817.725	00:00:02.073	2.073		TF21L	vai le lulu lea ua ku luga i	see the owl stand in here 
00:30:19.670	1819.67	00:30:21.241	1821.241	00:00:01.571	1.571		TF21L	ae o'o mai i le oga:	but the drunk is coming here
00:30:24.447	1824.447	00:30:26.584	1826.584	00:00:02.137	2.137		TF21L	le a le mea le kamaikiki lea ua fai 	what did the boy do?
00:30:30.416	1830.416	00:30:32.585	1832.585	00:00:02.169	2.169		TF21L	po le a laga mea lea ua fai?	what did he do?
00:30:34.625	1834.625	00:30:39.322	1839.322	00:00:04.697	4.697		TF21L	laua pei ua ko ka saofai pei se oki 	that he sit mean its like a sheep
00:30:40.708	1840.708	00:30:42.548	1842.548	00:00:01.840	1.84		TF21L	lau saofai ai luga	that he sit on 
00:30:43.615	1843.615	00:30:46.493	1846.493	00:00:02.878	2.878		TF21L	ao laga maile lea a faifai mea aku lalo i 	but his dog in down here 
00:30:47.768	1847.768	00:30:49.265	1849.265	00:00:01.497	1.497		TF21L	a o le a le mea lea 	right what is this 
00:30:50.116	1850.116	00:30:51.694	1851.694	00:00:01.578	1.578		TF21L	ia va'ai 	see
00:30:53.575	1853.575	00:30:56.701	1856.701	00:00:03.126	3.126		TF21L	ia e sa'o a va'ai o le oki 	well its right its a coat 
00:30:56.994	1856.994	00:30:58.309	1858.309	00:00:01.315	1.315		TF21L	le a le mea lea 	what is this ?
00:31:00.039	1860.039	00:31:01.609	1861.609	00:00:01.570	1.57		TF21L	ao le a la le mea lea?	but what is this?
00:31:01.814	1861.814	00:31:03.281	1863.281	00:00:01.467	1.467				
00:31:04.555	1864.555	00:31:05.791	1865.791	00:00:01.236	1.236		TF21L	o le maile 	its a dog 
00:31:06.347	1866.347	00:31:08.021	1868.021	00:00:01.674	1.674		TF21L	pei o la ua kuli e le oki 	its like the coat follow the dog 
00:31:08.633	1868.633	00:31:12.487	1872.487	00:00:03.854	3.854		TF21L	po le mea ea leai ae la saofai ai luga le kamaikiki 	or maybe no but the boy sit on
00:31:15.246	1875.246	00:31:17.343	1877.343	00:00:02.097	2.097		TF21L	ae a le mea lea ua kupu	so what is happen
00:31:17.824	1877.824	00:31:21.428	1881.428	00:00:03.604	3.604		TF21L	e a?	what 
00:31:21.634	1881.634	00:31:24.521	1884.521	00:00:02.887	2.887		TF21L	u lea ua felelei lalo ua velo lalo e le mea lea 	they are flying down that this things throw down
00:31:25.469	1885.469	00:31:27.366	1887.366	00:00:01.897	1.897		TF21L	a	
00:31:27.532	1887.532	00:31:29.908	1889.908	00:00:02.376	2.376		TF21L	ma le maile 	and the dog
00:31:31.375	1891.375	00:31:33.355	1893.355	00:00:01.980	1.98		TF21L	..fea la lea ua iai 	so where they are?
00:31:35.260	1895.26	00:31:37.014	1897.014	00:00:01.754	1.754		TF21L	pa:'u'u i lalo le vai 	they fall down the water
00:31:37.899	1897.899	00:31:41.137	1901.137	00:00:03.238	3.238		TF21L	po se vai po se lo:pala 	or water or 
00:31:41.259	1901.259	00:31:43.294	1903.294	00:00:02.035	2.035				
00:31:43.493	1903.493	00:31:45.606	1905.606	00:00:02.113	2.113		TF21L	po le mea le kaufusi po le kufu	or whether swamp or water 
00:31:48.143	1908.143	00:31:49.097	1909.097	00:00:00.954	0.954		TF21L	i sogi ulu	i cut the bread 
00:31:50.149	1910.149	00:31:53.077	1913.077	00:00:02.928	2.928		TF21L	va'ai le a la le mea lea ua fai 	see what they gonna do
00:31:53.562	1913.562	00:31:54.901	1914.901	00:00:01.339	1.339		TF21L	la a ua ka'e'ele 	they got shower
00:31:57.214	1917.214	00:31:59.175	1919.175	00:00:01.961	1.961		TF21L	la; a	
00:32:03.879	1923.879	00:32:07.404	1927.404	00:00:03.525	3.525		TF21L	um loa ua fai ai le kamaikiki i le maile aua le pisa 	yeah the boy told the dog just keep quiter
00:32:07.977	1927.977	00:32:10.610	1930.61	00:00:02.633	2.633		TF21L	pei a lea kokogu i laga lage a 	maybe his frog is inside here 
00:32:13.349	1933.349	00:32:16.024	1936.024	00:00:02.675	2.675		TF21L	ae laku le maile ao lae fai le kamaikiki aua le pisa	the dog come but he told the dog just make noise 
00:32:18.561	1938.561	00:32:20.730	1940.73	00:00:02.169	2.169		TF21L	ia va'ai le a ua feosofi luga i	see they jumb in here 
00:32:21.598	1941.598	00:32:24.517	1944.517	00:00:02.919	2.919		TF21L	po le a la mea la ua fai ai 	what they gonna do with it 
00:32:25.050	1945.05	00:32:27.379	1947.379	00:00:02.329	2.329		TF21L	a le a le la mea la kau fai 	what they going to do?
00:32:27.752	1947.752	00:32:30.768	1950.768	00:00:03.016	3.016				
00:32:30.960	1950.96	00:32:33.119	1953.119	00:00:02.159	2.159		TF21L	le age o le lage a	its a frog 
00:32:33.628	1953.628	00:32:36.044	1956.044	00:00:02.416	2.416		TF21L	lage fai mai le agei 	i said frog not the 
00:32:36.281	1956.281	00:32:38.035	1958.035	00:00:01.754	1.754		TF21L	va'ai la'ia lea ua maua 	see they found it 
00:32:39.333	1959.333	00:32:40.863	1960.863	00:00:01.530	1.53		TF21L	o lea 	this is 
00:32:41.388	1961.388	00:32:44.506	1964.506	00:00:03.118	3.118		TF21L	o le lage lea lea ua i'u a ga koe maua 	the frog they found it 
00:32:45.479	1965.479	00:32:47.352	1967.352	00:00:01.873	1.873		TF21L	vai lea kikilo ai le maile 	see the dog look at 
00:32:48.516	1968.516	00:32:51.306	1971.306	00:00:02.790	2.79		TF21L	a ..o le a?	right what?
00:32:51.863	1971.863	00:32:53.863	1973.863	00:00:02.000	2		kids	o le lage 	is the frog 
00:32:54.834	1974.834	00:32:56.324	1976.324	00:00:01.490	1.49		TF21L	le a la le mea lea ua fai 	so what they are doing 
00:32:57.647	1977.647	00:32:59.576	1979.576	00:00:01.929	1.929		TF21L	fo ola gi kama'i lage 	wow theres alots of little frog 
00:33:01.131	1981.131	00:33:06.619	1986.619	00:00:05.488	5.488		TF21L	kusa o lea ua ua ua lua lage ia ua maua le kamaikiki ma kama'i lage 	well its like the boy found two frogs and little frog 
00:33:07.152	1987.152	00:33:08.259	1988.259	00:00:01.107	1.107		TF21L	a	
00:33:09.127	1989.127	00:33:11.402	1991.402	00:00:02.275	2.275		TF21L	kusa la ua lua lage ae kusa le mea ga le kasi 	well its two frog but just only one 
00:33:11.402	1991.402	00:33:14.262	1994.262	00:00:02.860	2.86		TF21L	le lage sai le kamaikiki ae lea ua sau le kamaikiki ua lua 	the frog that the boy have but he come its two
00:33:14.822	1994.822	00:33:15.921	1995.921	00:00:01.099	1.099		TF21L	ma kama'i lage 	and little frogs
00:33:17.340	1997.34	00:33:19.445	1999.445	00:00:02.105	2.105		TF21L	lea ua maua mai laua ma laga maile	him and his dog found 
00:33:22.204	2002.204	00:33:24.165	2004.165	00:00:01.961	1.961		TF21L	ia o le a la le mea lea ua fai 	well so what they are doing?
00:33:25.457	2005.457	00:33:26.413	2006.413	00:00:00.956	0.956		TF21L	a	
00:33:26.802	2006.802	00:33:29.776	2009.776	00:00:02.974	2.974		TF21L	e leo koe alu ma a ma koe ave laga lage la:poa 	he cant go and get his big frog 
00:33:29.973	2009.973	00:33:32.238	2012.238	00:00:02.265	2.265		TF21L	la ua koe alu ma ave le kama'i lage 	he go back and get the little frog 
00:33:32.642	2012.642	00:33:35.648	2015.648	00:00:03.006	3.006		TF21L	po le mea ai o laga lage lea a kama'i lage 	or maybe this is frog the little frog 
00:33:37.289	2017.289	00:33:40.630	2020.63	00:00:03.341	3.341		TF21L	vai kusa ga fa'aali mai e kasi le laga e kasi le lage 	see because its shows just only one frog 
00:33:41.260	2021.26	00:33:43.948	2023.948	00:00:02.688	2.688		TF21L	ae lea ua koe fa'aali mai i lea ua lua 	but its shows in here its two
00:33:44.004	2024.004	00:33:45.566	2025.566	00:00:01.562	1.562		TF21L	lea ua maua ma kama'i lage	and found a little frog 
00:33:46.170	2026.17	00:33:48.614	2028.614	00:00:02.444	2.444		TF21L	la la ua alu ai loa le kamaikiki ma ave lao ua lae	and the boy go and get the 
00:33:48.614	2028.614	00:33:51.033	2031.033	00:00:02.419	2.419		TF21L	le a le mea lea ua fai le kamaikiki lea ua alu ma ave ma a 	what did the boy do he get and he what?
00:33:51.166	2031.166	00:33:53.088	2033.088	00:00:01.922	1.922		TF21L	..va'ai 	see
00:33:53.252	2033.252	00:33:54.823	2034.823	00:00:01.571	1.571		TF21L	lae mea kamaikiki lae fai 	what did the boy do?
00:33:56.058	2036.058	00:33:57.771	2037.771	00:00:01.713	1.713		TF21L	lau a fa'ako:fa	he saying good bye
00:33:57.913	2037.913	00:33:59.857	2039.857	00:00:01.944	1.944		TF21L	koikiki pa le po le guku 	hit your mouth 
00:34:00.782	2040.782	00:34:02.639	2042.639	00:00:01.857	1.857		TF21L	la ua fa:kofa mai lage 	he saying good bye to frog 
00:34:03.427	2043.427	00:34:04.718	2044.718	00:00:01.291	1.291		TF21L	laua ma laga maile 	him and his dog 
00:34:06.527	2046.527	00:34:07.634	2047.634	00:00:01.107	1.107		TF21L	uma 	finist 
00:34:08.885	2048.885	00:34:11.213	2051.213	00:00:02.328	2.328		TF21L	uma 	done
00:34:11.650	2051.65	00:34:13.419	2053.419	00:00:01.769	1.769		Heti	fafetai 	thanks 
00:34:13.576	2053.576	00:34:15.442	2055.442	00:00:01.866	1.866		TF21L	fafetai fo'i 	thanks you too 
00:34:15.640	2055.64	00:34:18.090	2058.09	00:00:02.450	2.45		Heti	tai tele lava a	thanks so much
00:34:18.240	2058.24	00:34:20.680	2060.68	00:00:02.440	2.44		Heti	tai a 	
00:34:20.813	2060.813	00:34:23.811	2063.811	00:00:02.998	2.998		Heti	tolu fesili a ...e iai isi 	three questions any other 
00:34:23.968	2063.968	00:34:26.560	2066.56	00:00:02.592	2.592		TF21L	sili mo a'u 	questions for me 
00:34:26.646	2066.646	00:34:29.220	2069.22	00:00:02.574	2.574		TF21L	umm 	means yes
00:34:29.577	2069.577	00:34:32.280	2072.28	00:00:02.703	2.703		TF21L	po le a le o le a le uiga le 	what is the meaning of the 
00:34:32.398	2072.398	00:34:34.624	2074.624	00:00:02.226	2.226		TF21L	o lau polokalame lea fa'asolo 	of you programe 
00:34:35.068	2075.068	00:34:37.468	2077.468	00:00:02.400	2.4		Heti		
00:34:37.651	2077.651	00:34:40.266	2080.266	00:00:02.615	2.615		TF19S		
00:34:40.408	2080.408	00:34:43.327	2083.327	00:00:02.919	2.919		Heti	ou te ou te mana'o a 	i want to 
00:34:43.468	2083.468	00:34:45.932	2085.932	00:00:02.464	2.464		Heti		
00:34:46.138	2086.138	00:34:48.714	2088.714	00:00:02.576	2.576		Heti		
00:34:48.863	2088.863	00:34:52.396	2092.396	00:00:03.533	3.533				
00:34:52.754	2092.754	00:34:55.761	2095.761	00:00:03.007	3.007				
00:34:55.872	2095.872	00:34:58.876	2098.876	00:00:03.004	3.004		TF19S	fai mai e o le uiga o ga ke ma	she says the meaning of a you
00:34:59.026	2099.026	00:35:02.057	2102.057	00:00:03.031	3.031		TF21L	lamalama ai ah shes understand	
00:35:02.215	2102.215	00:35:05.469	2105.469	00:00:03.254	3.254				
00:35:05.946	2105.946	00:35:09.104	2109.104	00:00:03.158	3.158		TF21L	okay fafetai 	okay thanks 
